weight93,weight131
1.0692434,1.0557197
0.48345923,0.466665
0.48630062,0.4719832
1.9380727,1.9723834
0.70793045,0.693622
1.6681597,1.6833829
0.95687604,0.95267946
0.20909241,0.19975942
2.0267305,2.0627925
0.4541355,0.44101238
